id,viewCount,likeCount,dislikeCount,favoriteCount,commentCount
pDIsEZsalAo,7150185,199384.0,2186.0,0,6910.0
x5-GweOYXtk,327698,7696.0,88.0,0,332.0
Lc4SHa-O4T0,1323814,63091.0,614.0,0,2457.0
jYBjcEVTSB8,280881,14103.0,125.0,0,712.0
69Vpk3VKXBE,1477950,28413.0,993.0,0,887.0
BdSnr_P4HzY,359129,15567.0,258.0,0,1464.0
_SACMBFrZO4,843564,12143.0,403.0,0,535.0
Av4NhUWQ-24,1579118,33045.0,421.0,0,
EpxyGCVEpMs,2177488,80658.0,812.0,0,3918.0
xIU60H4BfeI,122911,10157.0,63.0,0,555.0
6W79YK-LIa0,30805,1197.0,11.0,0,136.0
EzqIFVlRrMQ,676282,16679.0,248.0,0,848.0
rv1Mz5NMlRQ,1692387,89959.0,1217.0,0,3163.0
E-XbdK1bGpc,17321,1128.0,8.0,0,98.0
C8v-lPNwEwE,157926,6964.0,85.0,0,146.0
vA-rXz_I1vs,262404,8733.0,183.0,0,309.0
EO2q-OfToNE,468644,8353.0,528.0,0,441.0
E-sDui4fcsc,451191,13384.0,183.0,0,919.0
CtHo29Nx1c4,29297,581.0,17.0,0,64.0
7_ay-K_Xy80,9377,311.0,6.0,0,71.0
PNfsLB4THNk,67261,6406.0,37.0,0,199.0
21eA9UwijBc,117004,3009.0,156.0,0,136.0
w_lXyCTcAAU,1065899,42653.0,407.0,0,1521.0
iuUc83K_w8U,6151,325.0,4.0,0,75.0
ZOtLOpYHgCE,52035,785.0,32.0,0,36.0
YGpv9BT1LCo,19613,476.0,44.0,0,74.0
rGXi26QZqX8,13603,277.0,68.0,0,83.0
cOkFKrVR9To,100420,5760.0,32.0,0,446.0
Lo2Km8K06fU,440734,17285.0,207.0,0,684.0
AeEGRj6DtSU,38183,1329.0,29.0,0,102.0
LABc3xWqD-M,113392,6020.0,88.0,0,238.0
_4DxjDZnt2c,227322,8098.0,75.0,0,525.0
op0SJrtzA1E,362,91.0,1.0,0,13.0
sWhHWGZBZvM,88453,5113.0,39.0,0,233.0
5SsZAdkYuqc,12501,1126.0,20.0,0,92.0
J2jNu-olXOY,15364,1656.0,1.0,0,141.0
wX_7qdyKo_c,117546,6736.0,41.0,0,486.0
uGcz_I5Ltz0,3879283,81300.0,2032.0,0,2587.0
pqcwGikgWJQ,900254,26187.0,1364.0,0,1159.0
feTWYHUu1f0,2400,82.0,0.0,0,40.0
FjSIUi1P8d0,669856,14262.0,379.0,0,711.0
54_CFQTXZpM,1171648,17627.0,441.0,0,1347.0
4ICwZjBvgpo,60630,2046.0,26.0,0,
zl_jaJjG2sc,1519,64.0,0.0,0,26.0
XEXJsS-X088,19214,581.0,14.0,0,125.0
yiRlOeouS2k,727491,34241.0,342.0,0,1125.0
PRbBlU_R9Fs,20282,653.0,36.0,0,33.0
7GI7vmcs5l4,781369,29515.0,293.0,0,1112.0
2AXzP3hs98g,1052870,27299.0,1213.0,0,1453.0
OE8wAmrgNA8,18855,396.0,21.0,0,78.0
u1aiey_t3BQ,53172,1618.0,30.0,0,160.0
Fu2vKqnrlxE,704552,22415.0,581.0,0,999.0
AcFGvGCmRV4,157333,3652.0,428.0,0,214.0
0dFy3DFZ48s,72649,1202.0,17.0,0,
h-G3WcWIoyw,11144,376.0,3.0,0,83.0
x6tKQJgWUuU,148139,1654.0,100.0,0,132.0
PASHjrUBHGU,811,35.0,0.0,0,34.0
IPL7uG2J2zI,9635,483.0,3.0,0,48.0
ck-KY-a7t78,17665,669.0,15.0,0,56.0
F3YR-kw4zCI,2895,178.0,4.0,0,36.0
LzDY-fAxu5I,42722,1427.0,16.0,0,215.0
WyHRD_ypsNE,48149,1138.0,49.0,0,159.0
No130lDMtiE,21028,984.0,23.0,0,98.0
vQhST6ckT5Q,159757,4649.0,131.0,0,396.0
WPZJnfpxZ9E,3633,122.0,1.0,0,54.0
zbP8w_awJkw,215163,7550.0,58.0,0,619.0
4_hn3cqgGtA,37105,1740.0,15.0,0,164.0
ideVyok_nLs,9163,548.0,5.0,0,44.0
LG97k1f7jsA,15663,834.0,17.0,0,45.0
Cnk8yXqkhMs,116368,4964.0,62.0,0,482.0
eX3CZBCp9HI,864,38.0,2.0,0,5.0
RQhBtKiaH7E,55265,2887.0,55.0,0,166.0
3c-iu9bv45I,9849,572.0,4.0,0,25.0
JoWFwWblGns,321183,6441.0,191.0,0,314.0
974viQjU1g4,57446,1431.0,13.0,0,97.0
W46Fkk7i21Q,32553,1569.0,35.0,0,97.0
YLvxrKoa8bw,44244,1674.0,76.0,0,70.0
sP6nNxXiYWc,83432,2713.0,125.0,0,185.0
GlpRUrdoiTI,73893,1850.0,88.0,0,99.0
fAVBhULcBnI,2636,127.0,0.0,0,26.0
JSOByVQTsMY,194392,4705.0,71.0,0,256.0
108UATnLc0Q,94013,1717.0,34.0,0,226.0
yOznVVKhttY,16994,931.0,11.0,0,62.0
NXAQNxl97Fo,5356,230.0,4.0,0,51.0
2VXR8CajTbo,387016,12258.0,124.0,0,692.0
kdO176lAtSQ,39712,2830.0,20.0,0,235.0
ht0Fnfkl7Qk,134621,2735.0,133.0,0,
BdKywbqFhxg,5216,424.0,3.0,0,42.0
3HZFEX6tg1c,23536,1124.0,39.0,0,47.0
slSFT719XHE,284,13.0,0.0,0,1.0
PbwmZqNt89c,313624,8609.0,388.0,0,338.0
NXmlV0cmLCM,8602,93.0,19.0,0,11.0
LiJ0J-QaFWM,447,23.0,0.0,0,19.0
orPqQ4g691E,11513,610.0,15.0,0,44.0
pRn_iCDwEP8,797176,17933.0,377.0,0,699.0
0yFMDhx0kRE,70402,1367.0,49.0,0,0.0
UatkKvST730,41377,1925.0,103.0,0,323.0
dGqdfb2Qk5g,300748,10566.0,54.0,0,712.0
9blQqF14XFk,69372,3031.0,12.0,0,223.0
FG-h-u3PCoY,17814,718.0,12.0,0,51.0
Av6RF9x8FAo,7118,202.0,9.0,0,44.0
wfwT2AtIlt8,192505,11085.0,67.0,0,834.0
o2IRx_4Q8aw,344405,13289.0,121.0,0,628.0
CcsdCwL3K_8,112598,5413.0,35.0,0,287.0
MqZN9UlAZk0,7038,304.0,17.0,0,40.0
XOUJvcM70xY,9982,526.0,6.0,0,25.0
WPg5WN9g5IQ,18329,422.0,20.0,0,51.0
sdEMOJguDjQ,13720,218.0,7.0,0,19.0
x6KTf-0Ocjs,192245,1728.0,95.0,0,259.0
M_E5rNgYmW4,14932,596.0,9.0,0,48.0
9wK0sNlUeSg,107062,5421.0,91.0,0,209.0
AVvfnmN5kC8,28018,766.0,38.0,0,98.0
e5vevmoV-Vs,56288,3227.0,27.0,0,197.0
KTu0N16H9jg,458243,7538.0,902.0,0,345.0
3r77R_siKYY,563,29.0,0.0,0,23.0
DzV5msnrmFE,904425,18671.0,432.0,0,945.0
DC3ON3Q2wr8,117761,1111.0,55.0,0,69.0
_sDftXy--yE,6562,467.0,6.0,0,51.0
5QGHieX0aLA,15041,778.0,25.0,0,59.0
9cbUxCL8feQ,15058,44.0,1.0,0,18.0
r4_PtaKFEV4,13873,1065.0,11.0,0,117.0
n_choA50wME,126416,5504.0,39.0,0,619.0
kGnQsotpAm8,192480,966.0,41.0,0,91.0
UjUl759jmJA,552327,23321.0,440.0,0,1068.0
EqvcDNheMHY,4622,222.0,1.0,0,36.0
LFcMHBRCR_k,52437,2833.0,32.0,0,119.0
vNQaJpNCDLY,4686,279.0,6.0,0,37.0
hXBpU6sxZ2U,150775,4560.0,54.0,0,329.0
zVGf2GIiEyk,211,4.0,0.0,0,0.0
Z-jbp30BPSU,99014,3882.0,17.0,0,334.0
GFaevCSA4VY,8681,322.0,4.0,0,33.0
x4XkQtpyWxM,99569,431.0,30.0,0,64.0
czvRxrbiE0g,4819,199.0,5.0,0,33.0
bDfEUO95aRM,11343,290.0,15.0,0,31.0
SvO8EYGEg-w,120186,2360.0,90.0,0,135.0
HknfkUdXLHI,5598,94.0,12.0,0,11.0
WWvr7RFHvQk,3525,157.0,5.0,0,11.0
NZWzNqHVlMA,26306,939.0,36.0,0,91.0
Anq2ZcumEp0,6356,231.0,6.0,0,43.0
LMaJoPsh_dI,316786,6260.0,184.0,0,377.0
ylwDBhdv-CY,190688,4176.0,67.0,0,
-Q8oG8JRStE,28809,1611.0,20.0,0,137.0
SIYVjfdzP_Q,157950,3311.0,277.0,0,169.0
Wtnex-6rjWE,122658,4561.0,23.0,0,220.0
xoan1IXgZrc,111986,4200.0,28.0,0,328.0
cF32zeuTTro,107699,5057.0,91.0,0,314.0
TJoZEsZtrc0,68233,4788.0,25.0,0,313.0
nnR2fdVNaMo,28824,1569.0,29.0,0,78.0
NQFwSJMgXZk,42117,858.0,52.0,0,66.0
VP2nTWqPnro,9197,423.0,6.0,0,62.0
i_1JJzCYMkU,3210654,16155.0,876.0,0,
um4cRkZHxzU,89307,4587.0,41.0,0,344.0
jpZfd4iqdos,62012,2942.0,18.0,0,326.0
iwGCqZVDJjk,379302,1082.0,69.0,0,243.0
RJfs7pTwuIA,86834,3475.0,33.0,0,219.0
yete3yVjdcU,78360,2399.0,67.0,0,194.0
RGN_NYB-Cfg,9566,550.0,10.0,0,18.0
xIbMZViGEwE,48463,1486.0,20.0,0,199.0
0-N-5kEzTsw,70043,836.0,21.0,0,87.0
YkxWZCKkYGY,24243,2322.0,41.0,0,287.0
PGeM2hlCQMg,14036,338.0,15.0,0,34.0
V03-w-eR16E,96471,606.0,118.0,0,93.0
GZtgKJgZOLU,66365,3981.0,15.0,0,469.0
GedORCEiaQo,360579,1345.0,64.0,0,392.0
0wBbAxMgAHs,1356,78.0,2.0,0,18.0
E9Z6T5qdFP0,89363,1513.0,170.0,0,189.0
7ulVC300jgY,75,6.0,0.0,0,0.0
vECs3TsGD-s,4488,151.0,2.0,0,46.0
rAdLN8ruohw,7296,212.0,7.0,0,37.0
0mp2H_Byw_M,3140,176.0,0.0,0,79.0
6ouRWPiSD_Q,7632,353.0,5.0,0,44.0
5EKC8wjLE7o,93771,5623.0,107.0,0,462.0
EHy7kh8Am3Q,197629,7587.0,44.0,0,480.0
kPzCib0ssdQ,103360,3870.0,83.0,0,322.0
i80UpTG5n9M,107414,2550.0,49.0,0,268.0
_8bOcdYdaOA,393234,13510.0,84.0,0,1093.0
B54Gh7lT3-Y,3583,138.0,0.0,0,19.0
59MSSKWjLkM,32954,1932.0,9.0,0,100.0
ppFubdc5EKQ,14077,315.0,10.0,0,50.0
f3Bu6tOTrXY,6003,277.0,1.0,0,24.0
AQFn2z9vxj8,7820,239.0,8.0,0,52.0
Vr9A2oVy570,578865,7543.0,221.0,0,147.0
dOI-NfKfo7c,49146,36.0,115.0,0,
39aDN8rpSpQ,878300,35351.0,186.0,0,1611.0
h0VplwfWef0,234400,5202.0,125.0,0,566.0
JG2YcDlPUps,134580,3999.0,83.0,0,373.0
HRXXBEjGC0M,324496,7678.0,397.0,0,468.0
ZUlXZyC6JZs,622727,24069.0,123.0,0,1357.0
z19qZqHWYFI,242130,5365.0,241.0,0,212.0
8tWGXSjbZJE,7555,295.0,3.0,0,25.0
oIvprjWTwWU,214423,6261.0,213.0,0,342.0
kxB6-fB9kKM,7592,218.0,5.0,0,34.0
RQDvnfleST0,644348,4554.0,106.0,0,
l3XUCJnt7Gg,532,49.0,0.0,0,14.0
7OrSS-Ff7Zg,5439,169.0,4.0,0,36.0
wP2eBeRmJvs,4347,115.0,8.0,0,11.0
JGRpQGXogdQ,103450,447.0,38.0,0,72.0
OBp8IULQxiI,57389,1744.0,85.0,0,108.0
9gh5WXUIwo4,3134,166.0,3.0,0,12.0
jCa-g0XvOaA,69298,1284.0,28.0,0,56.0
hY4iv7vomS4,5753,99.0,3.0,0,17.0
a9pd-y_aEF0,25453,1584.0,31.0,0,124.0
LP26wVIM82M,3184,123.0,2.0,0,22.0
GIOOUlNhy2M,57518,2403.0,11.0,0,192.0
cqSm3G6Q718,3524,167.0,2.0,0,54.0
91vygo7zHd4,2392,123.0,5.0,0,40.0
k9mFsUha7qc,99751,2301.0,25.0,0,93.0
oB3abUVnnf8,98901,4444.0,46.0,0,400.0
kr9bbQX_pAE,133389,4789.0,97.0,0,408.0
s_FNpSRfejE,35016,496.0,35.0,0,113.0
LakqVfLZO5w,8310,172.0,13.0,0,19.0
dGs5wJ9zblo,65449,1355.0,51.0,0,110.0
cJBaGhyWR5o,34,5.0,0.0,0,0.0
q8znkD0G4CA,33243,2520.0,20.0,0,161.0
v_BfbXhyawI,9923,503.0,10.0,0,33.0
Ok7JGU9qpww,2321,75.0,2.0,0,33.0
PPfLAcEI51Q,60096,605.0,46.0,0,87.0
AH6q4Wg_1Fw,1186,49.0,1.0,0,17.0
Rr_ukvCpV2U,155221,5541.0,33.0,0,374.0
VSSAjYuHOfY,3243,216.0,5.0,0,35.0
6qSGDkNCfBE,114263,787.0,52.0,0,162.0
sZUw9WPaH1k,46150,1536.0,25.0,0,182.0
xBUY3VD0LqU,12960,471.0,10.0,0,39.0
ICCtF4OdESY,65,0.0,0.0,0,2.0
Mopu0Zoi6BA,9217,120.0,4.0,0,27.0
k6aA1QCEg6w,3017,132.0,2.0,0,24.0
0JWRREBVGYc,247789,6270.0,278.0,0,274.0
7-ZNK-tBxDU,569,111.0,1.0,0,20.0
4r9CzXzakgM,343091,11715.0,938.0,0,514.0
gsx8dN-guz8,2499,101.0,0.0,0,14.0
66uauaqEzyE,4756,39.0,5.0,0,2.0
bgzvKhWSGXU,7153,522.0,16.0,0,28.0
M5_EI4x4D5c,23762,387.0,13.0,0,70.0
mJCYEEi5SQc,7944,400.0,5.0,0,49.0
6ufYMd193Pg,43794,1419.0,32.0,0,55.0
s52hc9oyOQQ,34488,582.0,13.0,0,51.0
DI8x7g96wso,17597,609.0,24.0,0,76.0
vD2nJZWT03s,241,9.0,0.0,0,1.0
HASd6ga2ivo,4101,104.0,3.0,0,14.0
sl5yB6R3fRw,10430,777.0,20.0,0,99.0
NgUKx8byIMw,38542,2403.0,35.0,0,115.0
lRXUefHUYUA,3391,168.0,4.0,0,25.0
DyKvz5dT0EI,587,60.0,0.0,0,30.0
DoiwHG8EtHQ,1680492,32485.0,626.0,0,1737.0
P503hy2_vZ4,52113,1999.0,26.0,0,183.0
cfPIOwMubxM,23228,481.0,16.0,0,28.0
sysPtdqMidk,1130,68.0,0.0,0,45.0
ulAFunaTmzU,532717,18305.0,169.0,0,1111.0
y9Yb0sdVh0M,1942,83.0,6.0,0,14.0
HT4CTEjEBi8,81835,1905.0,296.0,0,177.0
2mmKWbfzEBQ,2157,11.0,0.0,0,6.0
brlAPtpQmeY,139782,1977.0,194.0,0,165.0
dIUDYgK0OsY,132,4.0,0.0,0,3.0
-bBohFZpr88,3937,216.0,3.0,0,37.0
e001DK7bCMw,59759,588.0,26.0,0,50.0
kjv8aGHi8eA,2604,322.0,3.0,0,115.0
41VeJREZsN4,9771,203.0,37.0,0,41.0
7KW8KbEHF_w,414331,23991.0,279.0,0,667.0
kr0UcFunQi0,37362,1252.0,12.0,0,49.0
24tZ7uowPpM,114,7.0,0.0,0,0.0
yi0J9JsRdI4,1182840,48918.0,443.0,0,1744.0
N5uNlPBVJtQ,19500,135.0,5.0,0,27.0
7ovIIalA5jA,3451,209.0,26.0,0,21.0
ndn-ohS51u4,114,3.0,0.0,0,0.0
aS_xFYbvsvE,241109,4166.0,114.0,0,325.0
Ctf0rddb0sk,3257,105.0,3.0,0,16.0
PUlECH_sXsc,62411,688.0,88.0,0,51.0
uVkqLjTfpog,784,82.0,0.0,0,17.0
Wu86NjgKZec,79486,422.0,19.0,0,75.0
DCfOfkLgKdc,4487,105.0,4.0,0,6.0
Kx4dBTyJiz8,1045,57.0,3.0,0,24.0
zyBYg6Gqp2o,47513,1293.0,136.0,0,151.0
oNCuo0_YU4w,4120,21.0,3.0,0,15.0
9bLOvveUgis,115601,211.0,21.0,0,119.0
L3puO8Q8fBY,90400,2689.0,53.0,0,192.0
PEzkmKTyHYw,120362,3518.0,98.0,0,184.0
LzwmIpNHiyw,12106,324.0,2.0,0,21.0
vkIinz6ALU4,3531,155.0,1.0,0,35.0
0voWldAeurM,4446,210.0,5.0,0,22.0
mZxrw0Nxt9o,755,149.0,0.0,0,33.0
homU5Jzyr20,48742,804.0,25.0,0,93.0
dn9obZ0rcIE,4652,113.0,7.0,0,16.0
aM3VYFuuY0w,108,9.0,0.0,0,3.0
RI8yIrWoMH8,930,58.0,0.0,0,8.0
Vvb0TXeE6w8,48,7.0,0.0,0,2.0
dU3j9VkKXtA,96554,3253.0,79.0,0,142.0
coESCk5hdjU,139586,2363.0,222.0,0,138.0
1qQnfb3Z9_I,1769,128.0,1.0,0,55.0
hWuQ9ieHlfA,41315,113.0,14.0,0,
M9rlYAc9jNE,13249,47.0,9.0,0,20.0
CfIcxvPxkzo,69258,2644.0,21.0,0,268.0
NOgxPzQHGLI,49770,883.0,27.0,0,147.0
fe9IKeYnZ04,27110,882.0,47.0,0,59.0
SyGtLMHr23Q,19,7.0,0.0,0,2.0
e0q7-7OlGp8,224154,735.0,77.0,0,355.0
-jpZmrqMLlY,133998,3189.0,140.0,0,300.0
P_Exkej4BeE,143458,4392.0,90.0,0,231.0
JKKNiwN9t4U,116033,2623.0,12.0,0,129.0
A7FD8hNhWRM,8386,132.0,6.0,0,40.0
EHB3yJMPlQU,36317,640.0,12.0,0,70.0
uj-kHL9q37Y,660,6.0,0.0,0,2.0
_VGOy-bOj3g,352257,7305.0,89.0,0,338.0
rPaunY6h98w,9585,854.0,3.0,0,79.0
fSrBirMrVOQ,7107,415.0,3.0,0,36.0
3W2XTGMj8aw,23056,1741.0,39.0,0,174.0
ZmCIzHKuq6A,1813,112.0,1.0,0,16.0
hWRs0NDcn1w,1721,91.0,2.0,0,74.0
fW0Skr8SuyQ,36044,1046.0,18.0,0,32.0
uyuUHy5vq7M,520,39.0,2.0,0,16.0
AwzsOv4r4_E,14219,244.0,6.0,0,30.0
HVHfFHpRu0U,111030,3916.0,82.0,0,541.0
602Ferj9pyQ,428,39.0,0.0,0,3.0
Ao0nwmglriM,5272,156.0,12.0,0,20.0
VV0jBsEfz0c,10711,73.0,5.0,0,14.0
yb_LciAvR3Q,374,6.0,1.0,0,0.0
xrzgleKplAE,3452,55.0,0.0,0,13.0
4QAwUv-hbs0,553,22.0,1.0,0,6.0
gSmp25oSeaQ,1111,0.0,8.0,0,2.0
ubkPGaCS0Nk,37945,192.0,8.0,0,81.0
lYMgI7OxeXw,4618,188.0,6.0,0,8.0
rM2-Ir_X0DU,89938,1641.0,42.0,0,177.0
4_De_ZS71Xs,573,45.0,0.0,0,20.0
qhna7SC7kuo,1804144,99060.0,1720.0,0,3642.0
sqFJfdms-tM,535,27.0,0.0,0,7.0
fmt2SrKnOcI,3016,164.0,3.0,0,15.0
K2-iji7PE5I,39,3.0,0.0,0,3.0
wmkBIczrCeA,1105,49.0,2.0,0,28.0
u1zTug608Hg,38109,622.0,16.0,0,0.0
xHNJahvINwQ,201581,5008.0,180.0,0,199.0
EII_s7dYrXY,15400,967.0,26.0,0,172.0
pCpNcPlNS4c,13345,726.0,9.0,0,83.0
PmkV22wNT_k,191377,5956.0,75.0,0,453.0
rjg2LqqcZ5Y,21464,314.0,6.0,0,38.0
zfv2H7W9c-M,134593,817.0,69.0,0,267.0
gAV68PGO5ZM,98073,889.0,83.0,0,92.0
pw540N1pNZY,5656,43.0,1.0,0,7.0
LIpYEvWeF78,576,115.0,0.0,0,55.0
uDZvQ8Y0Ar0,13893,169.0,3.0,0,16.0
nFdc16BXlWA,824,99.0,0.0,0,16.0
8HzJHv8xqDk,33,8.0,0.0,0,0.0
CpRpCu4TuYI,15574,792.0,16.0,0,116.0
K6lgRrX8Gjo,7294,360.0,4.0,0,31.0
d15ba2xZzZc,46249,1046.0,124.0,0,139.0
jBauBeDNkls,144,8.0,0.0,0,9.0
okANKdshah0,99,0.0,0.0,0,0.0
m_ZZqYCxAJg,22,7.0,0.0,0,0.0
qlObH-DFiKk,419,13.0,0.0,0,3.0
cKGtZdfzkB4,627,10.0,0.0,0,1.0
Nhcz1uSFWG0,8959,540.0,30.0,0,27.0
Z8PuS9TyKwY,67876,410.0,6.0,0,65.0
J8g1HaN_CdY,21916,217.0,12.0,0,13.0
IB8KQYwn-rk,12238,433.0,6.0,0,37.0
XGzDkRi0JbE,3054,101.0,2.0,0,28.0
VLH6Tc6BwWM,44801,222.0,21.0,0,18.0
6sEV-SUHuTg,2077,163.0,3.0,0,7.0
7-mMW2vyC6s,52505,2514.0,88.0,0,157.0
eKWHVnsJRlA,83578,451.0,83.0,0,38.0
woC1deCtySk,48265,325.0,8.0,0,48.0
P86N1gPy0mU,19851,449.0,33.0,0,49.0
fEBl8Njx8BQ,2573,113.0,5.0,0,23.0
w779V5np5pg,7135,151.0,15.0,0,64.0
HPcPgkstKRI,64547,165.0,37.0,0,49.0
mF2e3XdONwk,9903,376.0,7.0,0,37.0
OmyNYNYRe30,47626,158.0,21.0,0,26.0
6nHrd3Ihpe8,54857,759.0,51.0,0,60.0
GWK9U_ToJdg,2365,87.0,0.0,0,18.0
e5OCkPD44FM,26510,304.0,9.0,0,24.0
wF-gYTkkxcE,7044,43.0,8.0,0,13.0
azSXoNRiPhY,120943,5415.0,96.0,0,298.0
K5Kpw0Nn7Sg,117976,1910.0,63.0,0,134.0
feSXBJt3wno,274,30.0,1.0,0,42.0
ls_exrEJ3NQ,22493,200.0,4.0,0,20.0
0L8Bo689Bvg,309759,4781.0,97.0,0,666.0
gp0nnTZasz8,77377,2121.0,59.0,0,128.0
OdZbimP_m_0,63655,713.0,28.0,0,122.0
svIYUS3RUro,370,77.0,0.0,0,38.0
BXxLbJn4FYw,76205,311.0,41.0,0,70.0
yv-fkhrNQS4,250,6.0,0.0,0,2.0
_JKEfJGhubc,22626,268.0,36.0,0,34.0
m-2JxTwWzEE,59032,1770.0,33.0,0,111.0
-cEFf4285G4,210916,2289.0,223.0,0,335.0
W9hHlbNCU-U,681,21.0,3.0,0,0.0
gDAb_bzsO4c,480,17.0,0.0,0,7.0
z2wza68inF8,2957,35.0,3.0,0,6.0
Loz4LK9HJhE,7148,71.0,4.0,0,18.0
CMavXum1pa8,11486,344.0,9.0,0,46.0
9AS8bxrCY0Q,10009,397.0,33.0,0,20.0
GRF5VxCZ3Hc,84340,1655.0,79.0,0,230.0
EyG-AoUrHb4,1743,16.0,6.0,0,9.0
rZDTeybp1Kg,173302,3492.0,170.0,0,1031.0
1jIfqi78t7A,82,3.0,0.0,0,1.0
UGdCAohSFMA,99116,1018.0,310.0,0,69.0
x4sbIC3FGUs,113501,2670.0,37.0,0,181.0
B9FXuuDSDFw,52,8.0,1.0,0,1.0
v2BYK9rq2UE,29655,163.0,13.0,0,21.0
sMfit4Nstkk,4234,94.0,3.0,0,12.0
0ZOMN3F26hY,1101,74.0,1.0,0,21.0
nz0FKd0cxAE,1423,,,0,17.0
9XVDxttHcdU,17101,84.0,14.0,0,15.0
YoolXjqKwo0,22754,26.0,15.0,0,50.0
Sre0XfSqKJs,2301,79.0,3.0,0,5.0
hJh_OdBnUcE,8450,80.0,1.0,0,9.0
1FiMHSSKLSQ,453,54.0,0.0,0,4.0
I7yMvIKL0F4,27,4.0,0.0,0,1.0
z_ykqKJ4g7A,415120,2793.0,122.0,0,478.0
Oe68vN4YjWA,4382,41.0,10.0,0,3.0
kdyXpgF54_c,71987,647.0,33.0,0,68.0
XxEOphd5aiw,2755,,,0,15.0
vXilxZ5-gwQ,61,7.0,0.0,0,4.0
5yz5RKR8cP0,20053,669.0,17.0,0,51.0
_SVVRVJtjvM,19093,56.0,7.0,0,22.0
uEZ0nSXxVkQ,9320,348.0,33.0,0,39.0
xxCAjTqe430,4,2.0,0.0,0,0.0
kRGX3X8A9rA,22133,358.0,10.0,0,70.0
P2gqpOfonb0,178,8.0,1.0,0,3.0
xoTr7YQ4-CA,17838,42.0,9.0,0,11.0
oSLzXUzhtg4,1921,20.0,7.0,0,2.0
9jSTvKglwIk,44128,1466.0,40.0,0,129.0
CUheOFPgh1k,2586,28.0,3.0,0,3.0
QqEhX4Lh2X4,2974,114.0,3.0,0,10.0
wSkpMLBEwAw,246,5.0,1.0,0,4.0
c3EIJwe21Rk,7385,81.0,5.0,0,20.0
lDHuO5Nf9Q0,15082,137.0,8.0,0,13.0
EjYq7Ldr0ug,9311,536.0,14.0,0,18.0
6BAUcajQo3c,43,4.0,0.0,0,4.0
j_x36zhyIxw,1663,42.0,8.0,0,13.0
dfQKWXihhdk,5715,289.0,7.0,0,43.0
5P7wJiyBDmw,268,25.0,0.0,0,12.0
faUbwzV0IbQ,30849,752.0,23.0,0,160.0
ls5sQ4HnFSU,46764,1231.0,44.0,0,130.0
ou0PWOX3HAQ,10343,167.0,10.0,0,7.0
IJbnHFmesHc,710,47.0,0.0,0,15.0
6WnpwmT4Zlc,9154,175.0,20.0,0,14.0
xXo_hNsMJCI,5,0.0,0.0,0,0.0
ztFlrg1FbwY,78390,2834.0,147.0,0,667.0
qmF_xo5YKN0,666412,11970.0,561.0,0,480.0
LqQYuIynxOU,160397,1876.0,78.0,0,117.0
8xCVdaSX1YI,10591,218.0,3.0,0,50.0
wyT0kfTmPf8,781,57.0,0.0,0,3.0
g6mN3__pj1k,979,18.0,2.0,0,3.0
byUG4Hewtxg,2727,103.0,2.0,0,45.0
KYmXZM_MJe4,2336,98.0,2.0,0,35.0
xuiJhecQOAA,46,3.0,0.0,0,0.0
mpX_Vof3l5w,396,15.0,0.0,0,0.0
SmA9H_l1dE8,237155,4908.0,88.0,0,501.0
9FxQZmXchgU,2631,24.0,2.0,0,0.0
s43jrKzIPVw,29022,198.0,19.0,0,15.0
-SS5dIas22E,107853,239.0,44.0,0,118.0
GW2OlALvOc8,72928,726.0,18.0,0,72.0
xMx2rc4Zmcw,413,18.0,0.0,0,4.0
hNufPaAjbJ0,49,2.0,0.0,0,0.0
ZQv5ovIWJGs,16774,362.0,12.0,0,18.0
hpfSsE70dQ4,34377,923.0,22.0,0,54.0
9n6vlwCmz8Y,101670,833.0,93.0,0,141.0
RrZHoKO1Xfs,74645,750.0,17.0,0,107.0
Rt29IH_6HBA,131,10.0,0.0,0,4.0
FrDk3limrKA,20164,1970.0,4.0,0,276.0
ug3IZyOxPLs,1196,7.0,0.0,0,0.0
iJsdCsHk8vM,36,4.0,0.0,0,0.0
F4jW9T7E8GI,13609,293.0,17.0,0,54.0
rSu7C_Jdr9o,929,40.0,2.0,0,31.0
uhJtv2J9WSo,13036,260.0,3.0,0,35.0
Lg35An7lrMI,49305,728.0,21.0,0,82.0
AP3jpZhWIuQ,2267,90.0,1.0,0,31.0
tipmCy8HAlU,2475,37.0,5.0,0,3.0
4l8R1GyXuUA,31,4.0,0.0,0,0.0
AtyWc-msECg,16851,124.0,14.0,0,13.0
e5YGMMsWiJo,30641,700.0,36.0,0,87.0
fhu-xVuyhVQ,354,2.0,0.0,0,0.0
xaie7VUja8s,71,5.0,0.0,0,0.0
j5pcAix3hCA,2969,111.0,3.0,0,44.0
KkhuJf7y7fo,3903,107.0,0.0,0,15.0
jv-ug88xq4Y,38443,602.0,12.0,0,132.0
RcxVB3aFkUo,2617,98.0,3.0,0,30.0
qrYJeru5DUg,364,25.0,2.0,0,11.0
9TOf75B_kEc,195,13.0,0.0,0,12.0
nmwTtmOhAXE,69922,137.0,31.0,0,51.0
lz-VPgfR7zI,2659,116.0,4.0,0,19.0
ZH2hr-mQsCU,2178,69.0,0.0,0,6.0
9IYw9MMAZFg,6397,166.0,1.0,0,16.0
5FoVz9caqdA,64,7.0,0.0,0,8.0
AuE8WL499wg,2317,97.0,6.0,0,10.0
ykYnlkWqL7k,253,,,0,6.0
HQ263wkwHj4,327,14.0,0.0,0,4.0
ibMtKtYUMKY,295,22.0,0.0,0,7.0
8neeT1YghAw,9858,547.0,9.0,0,59.0
f_Vu3zISExI,431,32.0,3.0,0,9.0
ZUMcN0_sABs,956,87.0,1.0,0,9.0
ZzdnNA5P-UE,19737,384.0,13.0,0,45.0
w9jjY6FyECY,349,23.0,0.0,0,6.0
YRZVwo0vWJM,93,9.0,0.0,0,2.0
hBWUqIyoP6Q,62221,1332.0,59.0,0,88.0
nrJQb50I6iQ,16768,326.0,12.0,0,67.0
GbbQxYQNMM8,30464,400.0,8.0,0,104.0
2USpkwgiAYI,1958,70.0,0.0,0,31.0
GEnvngOtmq8,4713,191.0,3.0,0,22.0
evcZPMJ0WvI,24,14.0,0.0,0,3.0
dJe8Lel5eys,42603,996.0,77.0,0,65.0
JTjbGpR6Scs,471,74.0,0.0,0,46.0
HZlxIk8ufbY,980,55.0,1.0,0,10.0
24MxkRLkGyA,2769,30.0,6.0,0,2.0
rL8MjiDJPVY,70,8.0,0.0,0,3.0
o-l6y5HH_10,11660,583.0,18.0,0,115.0
pVr9LkRh6v8,8,1.0,0.0,0,4.0
xBtzjT8mgjY,7,1.0,0.0,0,0.0
fGkEK1-2CHw,623,24.0,0.0,0,2.0
U7fAzBXE15w,221,43.0,0.0,0,11.0
w2iHw8JoPik,1126,55.0,2.0,0,14.0
9xBeP8UtDjI,122,2.0,0.0,0,0.0
txHUhF8siUA,29,5.0,0.0,0,5.0
ZzcVHb4J54o,990,71.0,1.0,0,89.0
H1RaoJIgAzE,194,13.0,0.0,0,4.0
1RsfhBcxPrA,3,1.0,0.0,0,0.0
8EepiQz54T8,2,0.0,0.0,0,0.0
vKug6lA_UqA,27020,988.0,51.0,0,136.0
iFIS8Pfip_E,4,1.0,0.0,0,0.0
FfAqhuOmf34,59,9.0,1.0,0,11.0
9r0iuYHtWws,1,0.0,0.0,0,0.0
GaeEGZjccuk,2,0.0,0.0,0,
vzZx9PSHZeA,60,9.0,0.0,0,0.0
6FnSo6YZPQc,116,7.0,1.0,0,3.0
4eaBZmvyuu8,15,1.0,0.0,0,0.0
hgyxb6aJ7T4,71,,,0,1.0
Jb0IwU7ijxE,11,1.0,0.0,0,0.0
AbD2rLjA3qg,213,10.0,0.0,0,1.0
CdY7K3OZQ6c,14,2.0,0.0,0,1.0
XfbQWml9kEw,1,0.0,0.0,0,2.0
K3ps67TRzco,159,12.0,0.0,0,1.0
0QBM0Yp1yKw,22,2.0,0.0,0,0.0
HtWHlBUgZ2I,2136,187.0,3.0,0,26.0
Wzo4yG8xX1s,191,16.0,0.0,0,12.0
xqcS43vOFkc,1,0.0,0.0,0,0.0
wLWhGeIwj-Q,372,27.0,2.0,0,14.0
mSl_On6xU70,230,10.0,0.0,0,11.0
X16vX3gl69E,214,39.0,0.0,0,17.0
aNK78BMS4r8,147,6.0,0.0,0,3.0
JEiRh1MSq1g,0,0.0,0.0,0,
S4DKsLMh8eo,7,1.0,0.0,0,2.0
kZchVL8T81c,107,16.0,0.0,0,9.0
u3O3vVrmjR4,115,30.0,0.0,0,9.0
9AAV5Y5IWnE,116,9.0,1.0,0,6.0
7cT1sMHAsWU,5,1.0,0.0,0,0.0
rx_0dqZQbSo,128,3.0,0.0,0,0.0
aBVNGZ-UmMo,3,2.0,0.0,0,1.0
GacPEiJavec,6,2.0,0.0,0,1.0
Wr3S_APnP-o,90,5.0,1.0,0,8.0
brx6u9Gv79E,25,0.0,0.0,0,0.0
USFaKdQmIeg,9,5.0,0.0,0,3.0
l1baZCwFDdA,114,,,0,0.0
ktqwmwaQz-Q,81,10.0,0.0,0,0.0
PVa5bd0N5QQ,54,3.0,0.0,0,4.0
d5eYZN8AOfg,1435,214.0,5.0,0,66.0
15cBbIhoHPE,140,4.0,0.0,0,0.0
EEjO68gFFpk,2,,,0,0.0
EWKWL6t0zpc,123,10.0,0.0,0,2.0
XqTvsgeI1H4,2146,198.0,0.0,0,18.0
Pv_t4kmsm6o,362,61.0,0.0,0,29.0
MmkQ6vMz1e4,3221572,2412.0,967.0,0,37.0
EAowv4-M6Tk,2,1.0,0.0,0,0.0
